[
  {
    "categorias": [
       {"id": "categorias",
        "label": "Categorias",
        "children": [
           {"id": "asma",
            "label": "Asma",
            "children": []},
           {"id": "dependentes",
            "label": "Dependentes",
            "children": []},
           {"id": "diabetes",
            "label": "Diabetes",
            "children": []},
           {"id": "dispositivos_inalatorios",
            "label": "Dispositivos Inalatórios",
            "children": []},
           {"id": "febre",
            "label": "Febre",
            "children": []},
           {"id": "informacao_para_os_utentes",
            "label": "Informação para os utentes", 
            "children": [
              {"id": "boletim_informativo",
               "label": "Boletim Informativo",
               "children": []},
              {"id": "direitos_e_deveres",
               "label": "Direitos e Deveres",
               "children": []},
              {"id": "rennda_-_doacao_de_orgaos",
               "label": "RENNDA - Doação de Orgãos",
               "children": []},
              {"id": "testamento_vital",
               "label": "Testamento Vital",
               "children": []}
           ]},          
           {"id": "planeamento_familiar",
            "label": "Planeamento Familiar",
            "children": []},
           {"id": "pre_obesidade",
            "label": "Pré Obesidade",
            "children": []},
           {"id": "rastreio_de_cancro_colorretal",
            "label": "Rastreio de Cancro Colorretal",
            "children": []},
           {"id": "risco_cardiovascular",
            "label": "Risco Cardiovascular",
            "children": []},
           {"id": "saude_infantil",
            "label": "Saúde Infantil",
            "children": []},
           {"id": "saude_materna",
            "label": "Saúde Materna",
            "children": []},
           {"id": "uso_seguro_do_medicamento",
            "label": "Uso Seguro do Medicamento",
            "children": []} 
        ]}
    ]
  }
]