[{"_id":{"$oid":"61c87c5464e9648b677faf82"},"id":{"$numberInt":"1"},"__v":{"$numberInt":"0"}},
{"_id":{"$oid":"61c87cca64e9648b677faf87"},"id":{"$numberInt":"2"},"__v":{"$numberInt":"0"}},
{"_id":{"$oid":"61c87d246a6370d4fe699713"},"id":{"$numberInt":"3"},"__v":{"$numberInt":"0"}},
{"_id":{"$oid":"61c87de14104d00e52fcda9e"},"id":{"$numberInt":"4"},"__v":{"$numberInt":"0"}},
{"_id":{"$oid":"61c87e114104d00e52fcdaa5"},"id":{"$numberInt":"5"},"__v":{"$numberInt":"0"}},
{"_id":{"$oid":"61c87e726d71637d4ac99c6d"},"id":{"$numberInt":"6"},"__v":{"$numberInt":"0"}},
{"_id":{"$oid":"61c87e9d6d71637d4ac99c71"},"id":{"$numberInt":"7"},"__v":{"$numberInt":"0"}}]
