[{
  "_id": {
    "$oid": "61a405878500d6d1a689b5c4"
  },
  "nome": "Ana Filipa Pimentel"
},{
  "_id": {
    "$oid": "61a405b28500d6d1a689b5c6"
  },
  "nome": "André Fernandes"
},{
  "_id": {
    "$oid": "61a405db8500d6d1a689b5c8"
  },
  "nome": "Hélder Lanhas"
},{
  "_id": {
    "$oid": "61a405fe8500d6d1a689b5ca"
  },
  "nome": "Daniela Ribeiro"
},{
  "_id": {
    "$oid": "61a4060e8500d6d1a689b5cc"
  },
  "nome": "José Samarão"
},{
  "_id": {
    "$oid": "61a406308500d6d1a689b5ce"
  },
  "nome": "Vera Peixoto"
},{
  "_id": {
    "$oid": "61a406438500d6d1a689b5d0"
  },
  "nome": "Teresa Lemos"
},{
  "_id": {
    "$oid": "61a406998500d6d1a689b5d3"
  },
  "nome": "Maria João"
}]