[{
  "_id": {
    "$oid": "61a402f83f43ce9be2a9ec16"
  },
  "titulo": "Conflitos éticos",
  "corpo": "<p style=\"text-align: center\">Sabia que existe a possibilidade de pedir parecer sobre questões éticas na saúde e no âmbito da investigação clinica, à Comissão de Ética para a Saúde (CES)?</p><p style=\"text-align: center\">Estes conflitos éticos podem surgir em questões de&nbsp;respeito pela dignidade humana, integridade pessoal, justiça e a equidade,&nbsp;liberdade e a autonomia, entre outro.</p><p style=\"text-align: center\">O nosso <a target=\"_blank\" rel=\"noopener noreferrer nofollow\" href=\"https://drive.google.com/drive/folders/1ZxTaNOk0y4_dgMGLwZyyZqVfK9dtEcqq?usp=sharing\">panfleto</a> pretende ajudar a esclarecê-lo! Não hesite em consultá-lo.&nbsp;</p><img src=\"https://1.bp.blogspot.com/-BREapjKunuI/YC5aGcDTuUI/AAAAAAAAHQg/xPNCACPL-bEcUseejFryoUTXJ0u-zCQSwCNcBGAsYHQ/s518/7346147_CONFLITO.jpg\">",
  "_id_autor": {
    "$oid": "6193cdb4c56a8a7ccf89a8c7"
  },
  "nome_autor": "Nuno Cunha",
  "data_criacao": "2021-11-28T22:30:16Z",
  "data_ultima_mod": "2021-11-28T22:30:16Z",
  "visibilidade": 0,
  "ficheiros": [],
  "__v": 0
},{
  "_id": {
    "$oid": "61a403353f43ce9be2a9ec19"
  },
  "titulo": "DIA MUNDIAL DA ATIVIDADE FÍSICA!",
  "corpo": "<p style=\"text-align: center\">Nesta semana em que comemoramos o dia mundial da atividade física, deixamos algumas<a target=\"_blank\" rel=\"noopener noreferrer nofollow\" href=\"https://drive.google.com/file/d/1B2iUPC6z7TX5-Ok7LgKX4SSVPEHz2sfq/view?usp=sharing\"> recomendações da Organização Mundial de Saúde para a atividade física e comportamento sedentário!&nbsp;</a></p><img src=\"https://1.bp.blogspot.com/-XmDAaBXbJfY/YG4ggq4I-uI/AAAAAAAAHU4/t_5OfDZmE8433pR0iVzSJH-Eg24x3dTqwCNcBGAsYHQ/w640-h640/169511386_3968040043218587_7923120444063661217_n.jpg\">",
  "_id_autor": {
    "$oid": "6193cdb4c56a8a7ccf89a8c7"
  },
  "nome_autor": "Nuno Cunha",
  "data_criacao": "2021-11-28T22:31:17Z",
  "data_ultima_mod": "2021-11-28T22:31:17Z",
  "visibilidade": 0,
  "ficheiros": [],
  "__v": 0
},{
  "_id": {
    "$oid": "61a403903f43ce9be2a9ec1c"
  },
  "titulo": "Substituição na tomada de decisão",
  "corpo": "<p style=\"text-align: center\">As pessoas têm o direito de serem apoiadas na tomada das suas próprias decisões!</p><p style=\"text-align: center\">Deve ser dado todo o apoio para que consigam comunicar essas mesmas decisões,&nbsp;</p><p style=\"text-align: center\">em vez de se presumir que a pessoa perdeu capacidade.</p><p style=\"text-align: center\"></p><img src=\"https://1.bp.blogspot.com/-8BOFztl2puk/YC5YkyLNBAI/AAAAAAAAHQQ/ZnfQzc3mlr4pKZZVW6_9bWsXRxkRThe7QCNcBGAsYHQ/s1280/0994_nvp246.jpg\"><p style=\"text-align: center\"></p><p style=\"text-align: center\">O nosso panfleto sobre substituição na tomada de decisão poderá ajudá-lo a perceber um pouco melhor este assunto! Pode ser consulta através do seguinte&nbsp;<a target=\"_blank\" rel=\"noopener noreferrer nofollow\" href=\"https://drive.google.com/drive/folders/19FmGpZ9QlWYONMunnobObDzVErGzQ_de?usp=sharing\">link</a>.</p>",
  "_id_autor": {
    "$oid": "6193cdb4c56a8a7ccf89a8c7"
  },
  "nome_autor": "Nuno Cunha",
  "data_criacao": "2021-11-28T22:32:48Z",
  "data_ultima_mod": "2021-11-28T22:32:48Z",
  "visibilidade": 0,
  "ficheiros": [],
  "__v": 0
},{
  "_id": {
    "$oid": "61a4047b3f43ce9be2a9ec1f"
  },
  "titulo": "Dúvidas frequentes COVID-19",
  "corpo": "<img src=\"https://1.bp.blogspot.com/-HK_jkdKWDQg/X6wxRlamyHI/AAAAAAAAHJU/sOcNtxPvgCAO39gbQ6NlCPtyo5X3N68awCNcBGAsYHQ/s1304/Duvidas%2BCOVID%2B19.png\">",
  "_id_autor": {
    "$oid": "6193cdb4c56a8a7ccf89a8c7"
  },
  "nome_autor": "Nuno Cunha",
  "data_criacao": "2021-11-28T22:36:43Z",
  "data_ultima_mod": "2021-11-28T22:36:43Z",
  "visibilidade": 0,
  "ficheiros": [],
  "__v": 0
},{
  "_id": {
    "$oid": "61a4052e3f43ce9be2a9ec22"
  },
  "titulo": "Informação a todos os utentes da USF MRP",
  "corpo": "<p>A recente evolução da situação epidemiológica da infeção pelo SARS-CoV-2 no concelho de Braga, com aumento diário do número de casos confirmados e consequente aumento do volume de trabalho para os profissionais de saúde determinou alterações na estratégia de investigação e controlo da COVID – 19 que foram implementadas desde o dia 27/10/2020.&nbsp;</p><p style=\"text-align: start\">&nbsp;&nbsp; &nbsp;Foi efetuada a priorização da realização de inquéritos epidemiológicos de casos confirmados e da realização do primeiro contacto telefónico com os contactos dos casos confirmados pela USP com a colaboração ainda mais alargada dos profissionais das UCC, CDP e Médicos Internos de Formação Geral.</p><p style=\"text-align: start\">&nbsp;&nbsp; &nbsp;Na abordagem aos <strong>casos confirmados</strong>, residentes no concelho de Braga, são colocados em isolamento e identificados os contactos de alto risco. O utente é informado que será acompanhado pelo seu médico de família, sendo inserido pela USP no Trace COVID.&nbsp;</p><p style=\"text-align: start\">&nbsp;&nbsp; &nbsp;Relativamente aos <strong>contactos de alto risco dos casos confirmados</strong>, são colocados em isolamento profilático, sendo-lhes transmitida a seguinte informação por email:&nbsp;</p><p style=\"text-align: start\">O/a senhor/a foi identificado/a como contacto de alto risco de um caso confirmado de COVID-19.&nbsp;</p><p style=\"text-align: start\">Vai ser-lhe aplicada a medida de isolamento profilático durante 14 dias a contar do último dia de contacto com o caso confirmado de COVID-19.&nbsp;</p><p style=\"text-align: start\">A Unidade de Saúde Pública informa as Autoridades Policiais desta situação, de forma a ser possível confirmar a sua situação de isolamento no domicílio durante todo esse período.&nbsp;</p><p style=\"text-align: start\">Vai ser prescrito um teste de pesquisa de SARS-Cov-2 a partir do 10º dia de isolamento. Mesmo que o resultado desse teste seja NEGATIVO deverá manter-se em isolamento até ao 14º dia.&nbsp;</p><p style=\"text-align: start\">É emitida uma declaração de isolamento profilático pela Unidade de Saúde Pública de Braga a qual vai ser enviada por correio eletrónico para si e para a sua entidade empregadora.&nbsp;</p><p style=\"text-align: start\">No caso de o resultado do teste de pesquisa de SARS-CoV-2 ser POSITIVO, vai ser contactado pela Unidade de Saúde Pública e será posteriormente seguido pelo seu Médico de Família. Nesse momento a sua Declaração de Isolamento Profilático deixa de ser válida, sendo-lhe emitida um Certificado de Incapacidade Temporária para o trabalho até ter critérios de cura clínica e de fim de isolamento (que lhe será transmitido pelo seu Médico de Família).&nbsp;</p><p style=\"text-align: start\">Durante este período se manifestar algum sintoma compatível com COVID-19 deverá contactar a <strong>Linha COVID-19 Braga (220411194)</strong> o seu <strong>Médico de Família</strong>, ou a <strong>linha SNS 24 (808 24 24 24)</strong>.&nbsp;</p><p style=\"text-align: start\">Em caso de agravamento abrupto da sua situação clínica poderá dirigir-se à ADR-C do ACES Cávado I Braga (localizada junto ao Centro de Saúde de Infias), ou até à Urgência do Hospital de Braga.&nbsp;</p><p style=\"text-align: start\">Em caso de sentir necessidade de <strong>apoio psicológico</strong> poderá entrar em contacto com a Linha de Apoio Psicológico da ARS Norte (220411200).&nbsp;</p><p style=\"text-align: start\">Se não tiver condições de proceder ao devido isolamento no seu domicílio habitual deverá informar-nos.&nbsp;</p><p style=\"text-align: start\">Se pretender permanecer no seu domicílio e não tiver condições de ver garantidas as suas refeições deverá informar-nos.</p><p style=\"text-align: start\">Mais se informa que todo estre trabalho esta assente numa plataforma informática que vai gerar automaticamente por email a declaração de isolamento para a entidade empregadora, com assinatura digital.</p><p style=\"text-align: start\">Contactos para utentes: <a target=\"_blank\" rel=\"noopener noreferrer nofollow\" href=\"mailto:usp.braga@arsnorte.min-saude.pt\">usp.braga@arsnorte.min-saude.pt</a></p>",
  "_id_autor": {
    "$oid": "6193cdb4c56a8a7ccf89a8c7"
  },
  "nome_autor": "Nuno Cunha",
  "data_criacao": "2021-11-28T22:39:42Z",
  "data_ultima_mod": "2021-11-28T22:39:42Z",
  "visibilidade": 0,
  "ficheiros": [
    {
      "nome_ficheiro": "covid.pdf",
      "tamanho": "29.24 KB",
      "tipo_mime": "application/pdf",
      "diretoria": "public/fileStore/noticias/1638139182434-covid.pdf",
      "_id": {
        "$oid": "61a4052e3f43ce9be2a9ec23"
      }
    }
  ],
  "__v": 0
}]