[{
  "_id": {
    "$oid": "61a4c5715593572ed557d6bc"
  },
  "nr_utente_titular": 234743283,
  "user": {
    "$oid": "61a4c4c65593572ed557d6a6"
  },
  "nr_utente_pedido": null,
  "nome": "Pedro Dias Parente",
  "tipo": "Agendar consulta médica",
  "medico": "Celso Dias da Silva Pimentel",
  "estado": 0,
  "data_criacao": {
    "$date": "2021-11-29T12:20:01.945Z"
  },
  "__v": 0
},{
  "_id": {
    "$oid": "61a4c5885593572ed557d6c1"
  },
  "nr_utente_titular": 234743283,
  "user": {
    "$oid": "61a4c4c65593572ed557d6a6"
  },
  "nr_utente_pedido": null,
  "nome": "Pedro Dias Parente",
  "tipo": "Desmarcar consulta (médica ou de enfermagem)",
  "medico": "João Amaro Coragem Costa",
  "estado": 0,
  "data_criacao": {
    "$date": "2021-11-29T12:20:24.076Z"
  },
  "__v": 0
},{
  "_id": {
    "$oid": "61a4c7c35593572ed557d71a"
  },
  "nr_utente_titular": 222222222,
  "user": {
    "$oid": "61a40d27d0586f00f0d059df"
  },
  "nr_utente_pedido": null,
  "nome": "Admin",
  "tipo": "Confirmar dia e hora da consulta (médica ou de enfermagem)",
  "medico": "Afonso F. Parente",
  "estado": 0,
  "data_criacao": {
    "$date": "2021-11-29T12:29:55.520Z"
  },
  "__v": 0
},{
  "_id": {
    "$oid": "61a4c8615593572ed557d72a"
  },
  "nr_utente_titular": 234543889,
  "user": {
    "$oid": "61a40cd5d0586f00f0d059d3"
  },
  "nr_utente_pedido": null,
  "nome": "Joaquim Ribeiro Ribas",
  "tipo": "Agendar consulta médica",
  "medico": "António Guerra",
  "estado": 0,
  "data_criacao": {
    "$date": "2021-11-29T12:32:33.368Z"
  },
  "__v": 0
},{
  "_id": {
    "$oid": "61a4c8615593572ed557d72b"
  },
  "nr_utente_titular": 234543889,
  "user": {
    "$oid": "61a40d04d0586f00f0d059d9"
  },
  "nr_utente_pedido": 234543321,
  "nome": "Armindo Alves",
  "tipo": "Agendar consulta médica",
  "medico": "António Guerra",
  "estado": 2,
  "data_criacao": {
    "$date": "2020-11-20T12:32:33.368Z"
  },
  "__v": 0
},{
  "_id": {
    "$oid": "61c9ba403618f1c957cc69c4"
  },
  "nr_utente_titular": 234543889,
  "user": {
    "$oid": "61a40d04d0586f00f0d059d9"
  },
  "nr_utente_pedido": null,
  "nome": "Diana Pereira Alves",
  "tipo": "Agendar consulta médica",
  "medico": "António Guerra",
  "estado": 0,
  "data_criacao": {
    "$date": "2021-11-29T12:32:33.368Z"
  },
  "__v": 0
}]